id,phone_sequence
fadg0_si1279,hIwLAJaIwDwnBLMrDwLMwQt
fadg0_si1909,tbLKnBnFswLkuwDBPJLInFBULhwLDyNtNtwKr
fadg0_si649,wLJnQIrwUJtrCcBbLAwcDLQvyDwDLMywCQLHrLHwJwDIwJLHMbnLMtrQvrInBwLABymrKwnLH
fadg0_sx109,KyJLBnLMwDLJLHIwEvIrbwELAFBaDcJLMyLHJBcFLH
fadg0_sx19,cBrPCwDcCJFQSnrLAwDatwDLhytBnDLUwywyD
fadg0_sx199,TbcDLKiKwnBLkIcwDKOmcQGSGwLmkwLAJLHaFKrLMwPLAwDLMsLzwJLkwUyUwJ
fadg0_sx289,SnlrLHIytLAcBaKwUrQwIryTyJtcBnDLJybmB
fadg0_sx379,AHAbDLukuwDLJLMIaImwEBSBnJDUcaDLlNnrJLMksU
faks0_si1573,vwULAbLMcDFSFcJLlMwDcDvbLurLkwDwULhywImwtBLhkFLHJLSrSaIDwDKbLhy
faks0_si2203,lcIyUwUtrlcJLMgLQJyCELkMtBwKDBF
faks0_si943,HIcLkcLAKDCstaBtgarILhcBaFBcnLAJLHwLMsKwDLUJUJ
faks0_sx133,HyLMJrIynwUaILAwDmyDETwDtrcLASwLABcDLiK
faks0_sx223,HBOLlcLhcLirLhBaLMsLhBFcwDcDLurIagK
faks0_sx313,kuIaLtMBagLtKtaIDUwDlcLhaLAJLlHctaITyLucSe
faks0_sx403,vrSaILkuIcFeLADJnwJcQcFBFBCByJLAaILMJwDLhBbLJwJ
faks0_sx43,nBlrByLHyLHBaIatwDwLAJLABPLhkwLk
fcal1_si1403,wcScSsUlbnDLkwlkwcwLHsKwDJgLAOLABLhBgDwUJLCbDwtnwJwLJbnBt
fcal1_si2033,hOLhywLABaJBKsEDLkwNrFBSsbDJLMaIwyBgLlkwJ
fcal1_si773,BnmnFBLHIaLznLAJLMIgJBFBytIrJnQIBLksU
fcal1_sx143,lwJbDkrwLzwDwQtrwULhTyPLmBJLAywrLlwvbDBcBF
fcal1_sx233,vgSsynwDtIySsCyDlwJsDLNksnsED
fcal1_sx323,lwtaLHrQnwDwlnDLtrCcIgQwEacDLMgC
fcal1_sx413,kubtLDyJLSymwKLDymlcLHGDLJLAuaIQtLCDbLiLiMrJLArLM
fcal1_sx53,yPCDwDwUJwLhHBQlcLAbLhTwBnrIyLAwDLMsDJwCLhBU
fcmh0_si1454,cIwLzPBcByLlwCsDLMgLiKTPULMkLSrQnIywJLAcCLHwUwKwDUcQLHaBwynJLMrPUJ
fcmh0_si2084,ScmwLhbmwLMyIPwCLknbCD
fcmh0_si824,JnQBcBQtrCUcCsLiwDLkgUwEwDUgDLhHInLHrsKwDLkMIPtyLDbDTwtbLKrmwU
fcmh0_sx104,vyJLMwFBwLkgDLhIcCcLhsLur
fcmh0_sx14,hytaItNlNlnrsUJLlMsUwLuUbCLIyQTPBnIQIytaICTywBc
fcmh0_sx194,lswDLzGwcSwDgaLkwKwD
fcmh0_sx284,zctNLlMaLTPaILuTPLkwDtsLQhrcBQlhwJwDLzMwtTPLzLHIwLiwJ
fcmh0_sx374,zaDELAByDULwKnBtwKtaIrBwmwE
fdac1_si1474,vbJLAycDCbDlDwvyUJnbLhSwULCaLkwJLMsJLJ
fdac1_si2104,vcevtvgagvyNaLsLkBcgKLMPQcScJyLbDQBbgwnJLM
fdac1_si844,tlcwJLMcnDLDcwLAFBFQtwKwDJUywUwLisyCQLbLNywLAJLHbDLMJcQbDLKiPSBwELAJLHwIywDLHJ
fdac1_sx124,aLzwLAJLCsmwLHTPmrLhyTPBmcQtB
fdac1_sx214,lcCamwELkwBaDlnwJLHgbLkwcSnLuSBwnwJwcwDCDLkwLwDlwJncCU
fdac1_sx304,KiKyLJLMaDLzMywyEULIaDCDctrJLMgDCDClnwICSacIDk
fdac1_sx34,kneFDLkPLibgByULkzInmwyLkwKwJ
fdac1_sx394,AbeBeJwywcCsLAJLlhFDJUJwDLMyJtJLMIaFD
fdms0_si1218,HcBwLMJLDCDaIncFQtrLMPSBnBgvywCwDLHbKDU
fdms0_si1502,vwSwUDvgmgLUbaLABwyLAHAbDbwDLukwDwQNwsLukstLSsLMyPyPLhwcLAsFLAwLDaLzwJwLHAwrIr
fdms0_si1848,SyLAwDLkgLiPLSPwULkwEDLkgBgLAIywBLHAyLHB
fdms0_sx138,lwLABcDUwLAnJLCrJLHnBJwCDwLuAJLHnDLJwQLHrtvyTwPCDCPC
fdms0_sx228,lwcvyLHGDLkMcFQrwBlcLNywKD
fdms0_sx318,HByJLkwLCaLAwLMsmDwcUcnDLhytaItIaJLM
fdms0_sx408,gLkIragLlwJcLhSBsLlwcDrvbQwcDLMwDcQLisDUz
fdms0_sx48,kuInbDclreLuAIPQvrcLHIyDEyEDLHnDwLuAnLMUJ
fdrw0_si1283,lwQCwyETwDwKnBLlNwlwQCsmycBbgbgLMwPCywmyctaBabLMwLAsKUQIbLHcQBybDLtJtarJLM
fdrw0_si1423,lkhcbLkaDvyLkuambcLMwLhBeFB
fdrw0_si653,KwnByQmwJwUcwQIyamySyaBwLDaeBwLz
fdrw0_sx113,wsDFcJLAuwBcbabLkwCPwDLwULuwOLuktIsryTwLhbetLALJ
fdrw0_sx203,lwcwLABaUSBsbnDkwlklwcLhIcFLHByLbnLlwKwBac
fdrw0_sx23,lkFUCyPUwKwDUvaCwDgULDCaQcBcwJLBy
fdrw0_sx293,HBIyJLMsLlklwULkrnmyLAMsLhlcLABaLMwrLmkwLAByDwUtwCysy
fdrw0_sx383,lwLAaLHwLAByDwKbCLHPDaIwyEvnDcFLIcLk
fedw0_si1084,lnLhsyELCsLhyLhkctaICsKwcDcDaQsKsLtIFBCBLSyLiLHvcBlLhwKsLMJyQat
fedw0_si1653,vyJLHhaBLuAtJPlwBy
fedw0_si1714,vywrJLSIcmQSPcBaLALScOLDaCcBQByJLMbnwLHbywD
fedw0_sx184,lsLAbLJLCDCyTaBeBLaeSgsgsUvrIryLMJLCgagLATyTrU
fedw0_sx274,ABbwtLScJPQLhaLkwFcFBLBcDLKywrIywJLDcJagLz
fedw0_sx364,yLzncDLMagCBywELAaCQBatJLAaFBwDLJamwLSwPLlcLhIwgLlkbDLkcQysJUvymkwEAJUlwJLMwCLHaIwDLM
fedw0_sx4,zsCDCsLsLwrwDECaFcCgcDyLheSarLAywDvaILMk
fedw0_sx94,DTbabeELAJLMrOUJBaQLAaCcDLAbDLkywnJULMiIyLMJ
fgjd0_si1179,vSagLKclyUwtnLAJLCLhy
fgjd0_si549,sysUJLHIFLhInDUwDCDLMwJgUlwywLAJnLMPrDUJlwQLQhgIsKBLABbJLtIrCDULHwyDJULtcBy
fgjd0_si818,lhFDUwELAaILAcBwDLzizLMIwDULSCwLMaIcBywDLMnwDLMPQIwtBnLHncBLMwJaDwLAJwnLhDBJ
fgjd0_sx189,kwJLkMIGgbnIQIytgaeBIwBsmDwPyLMwCIrgwaDmwLJ
fgjd0_sx279,bBJtwUwQDwBcLMyLzPSrLASwLNMbJwPLHrQwKwDwUDeFLHSarly
fgjd0_sx369,haLHsLHrLmknFSwUcDBwQwywyEwIPwPCDywrBUJU
fgjd0_sx9,vSnISrwTPQvSaBSySrcSs
fgjd0_sx99,CDwLkyCQBJwJgLmkySwULHsJLMcrCvgraILMAyJ
fjem0_si1264,ukubnDLMvwUaBLQIDPDCsLkLSwNtNaELuaIJLHFLHAwDwQtrJwQJ
fjem0_si1894,hgtaDlnrIwnDLTwDBatvtvwJwLAtyTPrUwLuF
fjem0_si634,vywbDQDwTPwULASgsgLNtIrJLBSBwsJtJNwQByQlwQnIwCLhagmwCnwDmwQCyDnwtwDJBgDcwcrJ
fjem0_sx184,lwLAbLMJLCyeaGSsJvrLJLCgvyTPU
fjem0_sx274,ABcnctBwJsPNLhgmlcBwLAKwrywJLDlctBgU
fjem0_sx364,yLzcDLMgcCyELAcCBaQLAFcwDJtJgmwLSwQNUlcLhHIsLhkabDbwDlyvymwEUlwcJLMwcCLHar
fjem0_sx4,zizsDCsLArwCDCaICgDyLhgFSrLAwEDcvgr
fjem0_sx94,TaEJtLNMrUJlBcFQLAaCwELMbDLkynUJUJLMIyLMJ
fjmg0_si1181,HIaLHrwBwyTPULlwLhHInUwcDLhcLAwUwDbLAJBwPLwMwULMPCnDLDbcCDQwDBagLCnLD
fjmg0_si1811,HIbUwcwDByvwULSagmrLhIbnDlrJnLhIbnJLMcJBwy
fjmg0_si551,wUwcCnelrnbnDlcwDeaeLMwJLMyLiaBLkcwLtagaBLM
fjmg0_sx101,AwDLkwQaILDJKncBFLuwDLkwnLArsLlkwrwILABbJIwCJtraBQvaBgcwLksJ
fjmg0_sx11,vySnBcBecrIsrIwBgC
fjmg0_sx191,SwUJNJLkuIaBteDybDLAyJsKwDUJwrwQScgDLMJ
fjmg0_sx281,AaGIyDLMIswswsKLHBbsLMbgbgLuSwQNLhyLiLhgaBUtIrgerJ
fjmg0_sx371,IgvLDyvbaeCsEDaDLhyLkwLhnJLMaCtrLClhwULDwJLCgaILzrJ
fjsj0_si1484,lnIcaBUcFaDwJLMJyLArUbQtLMrLMIPU
fjsj0_si2114,JLMsELCwDEKwUJwnLDBcnLCybLlFULkgJU
fjsj0_si854,wDLMrwLzwDLMwnLKJKPwJgULlwrIQLhnwDmwtwLJ
fjsj0_sx134,kwyUJwChrwLznDTPrywyrDgJLCcDLJLMwUJLhHnwDLkwCgbnDy
fjsj0_sx224,tHtgLunDLJzTrwLzrIrnDLMJ
fjsj0_sx314,TwJLHMHyLQBSLSrCaILznDrnwUJlMwSwLhyDeFcDyLtaISnBtwr
fjsj0_sx404,haILhrPLNMsQLQHIrwDByQUwDwcLhwLhaDEQBgr
fjsj0_sx44,lhbULcLhaLMLhywDwnmrLMsmDwELuAJLHaILA
fkms0_si1490,HIvbLHJwcLSnUIgLMLHvbLHJwLSwULzncFJLM
fkms0_si2120,vyLHagagULkLlnDvbmwLkLnQIryNwEacmDwKOLHLwUcSnLlcwD
fkms0_si860,lkywUwDLtMtBsPsLkLByQJwQbLUJDJwJLwBcwJrwUJULwBbnBtJ
fkms0_sx140,bLuIrLABLMtIBLHIaLAJaIcDyQwDByLkwJLMwLhwmw
fkms0_sx230,cBnFeByPSsvTwrLlcLIsKLDBgULaBnrU
fkms0_sx320,lwDwrJwDwLuaLkwCwsDcaLhySwNwDcSaLAvwELkwJLMwDLJ
fkms0_sx410,uIwnLhgUtInKLDnBLAywLMiLSyLkwCSaIDwE
fkms0_sx50,AacmwJLMIatwLALnwLAwDaCcwLAcLHnLAJLDwLlBnLlcLHarI
fmah0_si1289,lctIsEDSwLkTyUcLNLnbr
fmah0_si1919,nbQIwywCPsQCDwKDyPQCsJywCQLlkcDnUJwUJnrImlBwDPGsUJy
fmah0_si659,vwUJnJLMiIrywUFUcBFDLhTBcmyLMiLCbBELCcJInLAMwLDaFBFJwUeIDLvwJLMIPwywyvwDwnw
fmah0_sx119,lwLCnwULAaBwFUyLMIbLAwLkQtBwLtPwDLHaBcwLzy
fmah0_sx209,CgELuAuBLAaBcrILhwLhkbLmkIwCBaBSwNLAIgDU
fmah0_sx29,vbLuIsbLkwLHBwLAwLHbLAwQtlwcLAMsLmgrU
fmah0_sx299,KJKgmwyELAISByCwUwLHagaLHwUrIamwcCcDvbeBcSIByDC
fmah0_sx389,lsFseDwOLhyswDLAvaJlwDTwIyCFLAcIcDLMyJgLk
fmml0_si1040,DaglkwDPsUwDLhknBecLzULwDwDwLAJLMIwCBwyDLksDLzwJBcLAKwry
fmml0_si1670,HbcbaLDFBLhwULlDwnJFQIwvTwracJLlMsLAbLnwDyPSBsy
fmml0_si2300,CcCclwrISwULlcwJgmrJatcQLATwrIyaJwmy
fmml0_sx140,vbErLAcFBLiIrBLHaDmncnLAJgIgDyCwDByDLkcwJLMIrLhywQw
fmml0_sx230,lcBaByPSsvwrLhlwLIbKDcBgeUaBevnrJ
fmml0_sx320,wDnrIrwrJwDwDLuaLCwDaLhyIwmQwEDESaLAwEDLkwJLMwDLJHJ
fmml0_sx410,uInLhgUJtnKLDeDLALyLiLSyLkMsCSgIgcDE
fmml0_sx50,McmcJLMatwLAnLNAwDaCwLAcLtbLAJLDwDLuaILlcwcLHaI
fnmr0_si1399,lcJwJgwDyIwBywLuUwJLMnbUwDnDLMwLMyFQrwDcDLhFBFQLlwLuSBaBCrsKwDcCnD
fnmr0_si2029,wsDFLMcQaLAwsbCwDLMPwvwUQtGJ
fnmr0_si769,JcnmwJgLMwLkIgScwNBwmaDKwLkrLhFaB
fnmr0_sx139,lwLhcaELucBFBScULHBbnJcwDGByJwLiPSBsmwLDwDlwKaIrI
fnmr0_sx229,gTPBcLAwEtaICLHBgsCwDLMJ
fnmr0_sx319,cLhwLuFcLMcMLgLkBybCLhcBLktNIPlwctgICyaILD
fnmr0_sx409,yLMwEJLHwCDCwDLiLDBgLByELAIyJwJLMIsyELNQLCrIbDLATwBcJBy
fnmr0_sx49,lncLMSIgDBgLAacDCcDLMSnBQtLAMALksScBlvbLKwcLhBy
frew0_si1030,hIywDylLlkwctgILAIbLArJ
frew0_si1280,lwJKTynBLNMtrKacFDSwLQIrQIbemIaeBCBcULUMbDLJByQtaBetIrwLMnLKwD
frew0_si1910,vyBnwnDQLkwDELhIyLtIrmwCgmwELAnbCQcDy
frew0_sx110,lwLQhnJCgsmkwcBnrDmwJLJwJaBQnwLAJLMIrcLHIaLhBcCLJ
frew0_sx20,KySaSaIDCLtByJyScBwDFQrnFBUJ
frew0_sx200,InbBtLADLMIFBLhcwJNLMaLHBaLMiKtSDlcLhBsLirJ
frew0_sx290,lwJLtHIcFKrwULcLMwLkwurBywDLtHaICwLMywQtrLHrUJLHnLlkywQLhgrIr
frew0_sx380,SgLziaILzCcnDytrJwLzLuaILhwLzM
fsem0_si1198,yvwUvgwDJULhgDE
fsem0_si1828,bgbwKJByQsyJnLvTwPLhkwLkJBsyLhFOFLJcKrarcBywDtnwLNQtByEyLQhcDyvTyPtrLhaba
fsem0_si568,lbDIgwUwLAbCKUcFJLMaDwDlcLAIanULkLcDCBagwDSgaLBnQNr
fsem0_sx118,McCagEDaDwELuIsLmwnwDLMJwDwrBgaILzLhF
fsem0_sx208,IaLkJnLhglwLHaDwDLJLMnLJLlwJLMIsLuMyPJ
fsem0_sx28,lsLhNhnwLkuaILktrBScwDLkeDcQLuMkbcJ
fsem0_sx298,cLuOlcDaCLhgQywKwPwPyUJnCDLlhywcQrLiagaILkJLJM
fsem0_sx388,vrIgwLwvbDsLkMJLScDnQIPLlcLhIarnFBQCbLMwLHInKrwLisDLzwU
majc0_si1946,lcCIncJBcDELHIaLhBcCSFULhgDFCyDJaBacQLM
majc0_si2095,CgLkubLkwmwLDvyCwQLMPLuIsLmksLz
majc0_si835,JsBULCcDKwLHwJLMwFBCbJwcJnIyLhcmwLMJwLlkwtrDLhIbDLkwQJnenBUCwDLKiw
majc0_sx115,lybnDLlBcCLkwLHwLJyLAIaLHBnJLJaBcLuBFPBPB
majc0_sx205,lwBlwLMinrIywLHrJwDbebBarLAJLHhnLMwLMIPwBLhsLucQCwDaImrUJ
majc0_sx25,aFBDlBwsCBGaGrUBFQLDwBywDrJ
majc0_sx295,wtLAbeIcBLAcFCULMcCgIaBLBLvbQrIbDiztrCyPymwEDwLMP
majc0_sx385,vwKFBLkrtnBLHMLnUwtwLSrLhIFLAwcD
mbdg0_si1463,SwLAbDeFSnQrCbnLAJKwCgUwLJwLAJLHnLMwLkQbBgTP
mbdg0_si2093,vyQnwDatrLmvwsUwFDbnJLMwCcwmclcSnlrLSwLiSwUJULcacDwDLlwEwUybJLMwD
mbdg0_si833,lBbnJLHrKcwCDBJnBJzLCwDKw
mbdg0_sx113,cCcJLAMkwmarIncLhwDCnDwJLAOLktIyTmwrLhbLA
mbdg0_sx203,lwLAaUSywDLkwmwLhIcLHBywLlwKaI
mbdg0_sx23,lcULCTPUwKwDUvaICcDgULCaIQBcBcwJLBy
mbdg0_sx293,HByJLMsLAlwJLMrIyLMsLhBLABatLMclwLAByDTrKJtrIcCy
mbdg0_sx383,lwLAaILHwLAByDrKywCLHPLmaILIaIywDaIcn
mbns0_si1220,lsaJcFScDCcDyLHInJLMyKwDUwLATrLzMy
mbns0_si1850,lcLuOLkDCaIFLMPTPCDCgaLhG
mbns0_si590,hIwLzwUJLMnDBUcDtnrIyUBacDlcCFJLAaCcDbntNLlMlwLUcwcQIwrQIrwLAIcaJwELU
mbns0_sx140,bLuIrLAcBLMiIBLHIaDcLAJaIacDyQwDByLkwJLMIPLhwLMw
mbns0_sx230,lcBeBySsvwywrLlcLInbKDBgUaBnrU
mbns0_sx320,lwDlwrIrJwDBwLuaLDCwsDaLhyScwLNwDCSaBLAwELkwJLMDLJ
mbns0_sx410,uInLhgUtInKLDnwBLHyLiLSyLlMsCaIwEw
mbns0_sx50,AbnmwJLMIatswLAyLAwDaCwLAcLhbLAJLDwLuBbnLlcwcLHFarI
mbwm0_si1304,vwPSwUwLAJLHFPFULMPcvagLlcBabJclyLubKLin
mbwm0_si1934,SsmwcBPSgB
mbwm0_si674,lwJwUJLDsFJLHnLMsmrLMgmgcLHwLAJLHwIwDLMJLNLNnQhIySacDwUJLMcLhywLHLAwJLHwD
mbwm0_sx134,lwJnwCLhrwDLzbDTwPSrDgJLCcDJLcJLHnDLkwDCgbCy
mbwm0_sx224,vecLhIwPlwKrwDLkrwDLMJ
mbwm0_sx314,lsyLHBScrCaILznDrwKLNrIrLhywDPwDyLktIrSnBtr
mbwm0_sx404,haILhrcrDLHsLHrwDUByQJUJwcDcQLhwLhkcaDtgr
mbwm0_sx44,hbJLAwLHaFBLAwDLhkhywDwrLAsCwEJLHaI
mcsh0_si1549,TaBKOwmcQBcLCyLkwPaIcLM
mcsh0_si2179,CgDCclrDnQrSaLHJLCy
mcsh0_si919,aBlywJBylcLhIgLmkBLHsnrvbULDCDwDybwLzncJKLCDcLJLMcCsLMwPlnrDyPyJwLiPSBsKwDU
mcsh0_sx109,KyKJKBnLMwDJLHrIgywDwvrsELAFBaFBCcwKJLMyLHJBFLHc
mcsh0_sx19,cBFPCDlcDcCJKJFQrSnrLAwDatJwDLhytBnCUy
mcsh0_sx199,TcELKwFBLkrDKwmwQGmkwLAJLHFKTrLMPLAwDLMsLzwJLDlwUyUwDwU
mcsh0_sx289,SnlrLHIPtLucBaKyUrQryTPJLtBwDJybemB
mcsh0_sx379,HbDCLuywQCwULkIgQyESnJwDUcDLNQNrwULkyU
mdlf0_si1583,trcScDLUJLIbmwLABSwUcCScUrInLAwDCwDLksKwD
mdlf0_si2213,JcCLhcmySwQNDvDFQgJwU
mdlf0_si953,vwJLMaIwDUwQvrnLMPIyUwEUtrLHIrwrJwJLMwyEJFaDEwDlnIDLQnJLMwLusKwDUJUJ
mdlf0_sx143,lcJeDLkcLzwDcrtrwULhTPLQBJLAwnrwLlybDLMrSB
mdlf0_sx233,vgeSsynwDtIyPSsCyDlwJsCDUNJsDE
mdlf0_sx323,lctaLHIrQIwDwDLknCtcDaBIbgbgQyEDaIDLMgC
mdlf0_sx413,kncbtyJLSymyKLDymBLHGDLJLAuaItCbLiLMrJLAr
mdlf0_sx53,yPQwmDwJcCLhHBcQBLAbsbsIwBnrIyLAwDLMsDULJcCLhBUJU
mdls0_si1628,lwJLDCgvbnwDBnsLzrvwCtBaIDLvnwCwDwDwQUJFaILuSBs
mdls0_si2258,TPwnDncncQvrIySarDTPB
mdls0_si998,uTywLlsNIgQaBDmw
mdls0_sx188,vcPaNrIgUlJycBwCwmwDmkwLAJLHnDJwLAe
mdls0_sx278,kwctrclrmwULHIcnJLMyLizTPLAsKUDByIyLkUlcBaBJLMyLzaIDB
mdls0_sx368,SBaIGyULAaJLMPCyLmwLhBgbgELuABFQLMLhyLAcCLHNByBybnBwLuwDLM
mdls0_sx8,vSgTnBFcSIrgyFLQhIrwJwBygcCLJ
mdls0_sx98,ubnJLlwLASnKLiwDtcClybDLJr
mdvc0_si2174,aLKcmcLHLvyJnLk
mdvc0_si2196,vcLHrctIsnKwDlBcLhIeaDCDywULuOLmkwDwDLAcCwUCFagwDcScUwDLMwLhyJLDyJLMbnLMr
mdvc0_si936,cBSgwDyEDvaBlcwLMyJLCsLMsLAyTvyTraICaI
mdvc0_sx126,aImwtwKBwDLMnBcLzwDLJwUtrIywB
mdvc0_sx216,lcJLCaBLhGsLHcOLlcSarCaDlcvaOLA
mdvc0_sx306,cLiwaBUcDtTPSOBLhyLAaDCLzbnDcBLUJ
mdvc0_sx36,FBwylwCFJLMwLAaLHBwKDaImwJLJcLMsDLHaLHTwBnrmy
mdvc0_sx396,lwctwKLHhyLunDLMcByLMtIbDmbwnLAByaDlcwcJrtcwJcQlwJLCaBsLA
mers0_si1019,lnCDLlkPLMPlwLAbDLMIyLvSrtrLMPwULHFLCrwDCU
mers0_si1649,wLMJctIcCbecmyLvTPDcFaF
mers0_si497,lklkwJLHBsLmwUBSbDCLhHJLlcLHcLHcwJLMcBgLlcLiwBLkrwDCLbDLkarIrLknwLArLmkcwQbLAJcD
mers0_sx119,lcCwJLASFLSwUryLMIbLMwLkLSwNcDcCLHaBcLMiy
mers0_sx209,CgLABLAcBFrLlwLhnLkIrCaBLScQNLAIeDU
mers0_sx29,vneLhuIsLMwcLHwLAwLHbnLAcLHcLAMAsmBFCDCU
mers0_sx299,KsyQwELAIysCwUwcLHaLHwBrcrgmcCBacDvbeBcSBy
mers0_sx389,lseaDwLhwLvbeJLwDlnwIwCFLAcLMIyJgLk
mgjf0_si1901,cSaIBCLuIyULHBsmwLAIbJLMwLCIPQmlwDETwLBgLASsUQUJ
mgjf0_si641,ABnQrBgLMJaEULtSrFQrDByLAaIDLtMIbLzwLAJaEUcBwmBLMPCnBcwLzrCbmwLA
mgjf0_si776,lkwDaLMziIrIawTaIDLMPLiMisLMkM
mgjf0_sx101,AwDwrDraIrwDLiwBLzMwDLknLAIryLMwrLABbKrDUzUtrIavaBcmsJ
mgjf0_sx11,vyPSOcBerIywnIBg
mgjf0_sx191,SwNLMIaBtFDybLATPUsKDUwSgLJ
mgjf0_sx281,AaIyDLMIwKLHBsLMbLALASwNHhyLiLhaBJtrerU
mgjf0_sx371,IbDeCwDaLhymlwLhInJLMgCtQrLhwUDwJLCrLzrUJU
mglb0_si1534,wUwLhwLAncncUcwcCgJLJBaQcCgwDnJLlwLlwvnILuIFUcDBgtsysJ
mglb0_si2164,lswLATwrQTwJnBNtNtnD
mglb0_si904,vyLHwPmkwvbmkwELDLuIbDLkwUwPIbnIcLMIbLAJLAwCwDLkMwLQyTyPBcLuwDLkcBF
mglb0_sx184,lwLAbLMJLCybeFSyULIrIrwLiLhgTywrU
mglb0_sx274,ABwPtSwcJPNLhbmwFBwLzwrIrywULCcJbgagK
mglb0_sx364,yPLiwnDLMgCBynDLMwncCaJLAFaDJgmwLScwLNMcLhIsLkeaDcQCyPmwEJwJLMJcDCLHaImIwLA
mglb0_sx4,zysDCsyrDCSaILCcDywDLhgeSrLAwEDvgaILk
mglb0_sx94,TcFELJLMwPUBnFQtLAcaCcDLAbDLkyULMIyLMiJ
mgwt0_si1539,JtwJLJLHcCFLkywvwCbnUyJLMbLurLktarDLuk
mgwt0_si2169,cLHJLMnrULhwUJwLtyLiKiKiarwEDvBgLuAuIysDLkuIacaLHJLHvbmrLMrIeDLkMvrIwPcwC
mgwt0_si909,kucCLHBFBJrIyIyLMgrCwDLkwLJwLAJLMytgQCBPCUaFacDcavrIgUKwD
mgwt0_sx189,kwJLMIGnQIytgBIyBsmwLkwcCgamwLMJ
mgwt0_sx279,bBcJwJcwLhwBwLAyLMwrcSrLSwNeLHJPLHrQwKwDLwUDnBFLhSrIrwly
mgwt0_sx369,haLHsLHrmwFLQHwlcBwQwErIwCTrIrcBLJ
mgwt0_sx9,SBvSnrISryTyPSgBSByQSrcSs
mgwt0_sx99,CymyQcJgmySwULhsyJLMaDcvgrIrbILMAyJ
mjar0_si1988,vFeUwJLMIgLATPBtaeFBSrtsrD
mjar0_si2247,SyLADwJcDByrKwD
mjar0_si728,HAFLJNlybLHBUwDlwJrFLHtIrwLMcBQCnDwLJLMrywDncCwDLAFB
mjar0_sx188,vSaNrIgUlUycDCBcCwDwLknLAJLHncDJwLAaBcD
mjar0_sx278,MwtrlrIwJLHIrwJLMyUzvTPLAsKUDByIyLUcSaJLMIyLzrDB
mjar0_sx368,CaIyULAbgagJLMwDTyPDLkwLhBbLABFULMkwLhyLAcCDLHByByncBwLuwD
mjar0_sx8,SgTynBrSryFQrJwBygmcCU
mjar0_sx98,ukuncJcLASGcrKwDtIcClybDJr
mjfc0_si1033,wtLkaILAsCLlkywySwQkBPKLKr
mjfc0_si1663,vytaILvyKJKJaLHnBtsUJUvbmcSwDkF
mjfc0_si2293,lkFUSrJLHnKLBylcScDUwLkaBclwLuIbnDcLJLBbLtLMbLkBemwJULM
mjfc0_sx133,HyLMirIywUarIrLAcDQyDywDLtrLASwLuABcDLi
mjfc0_sx223,ASOLHcLhBOLirLhBaLMsLhBwDwLuraLzi
mjfc0_sx313,kIaLtBgtBaICKwDlwcLhaLMiLAhctaIyLucScnB
mjfc0_sx403,vrSrLhuhuIrPLMDJwJwQBcDByJKLMrLiwDLhBnBJwJ
mjfc0_sx43,nFBLkwrByLHyLQhHBaratwDwLJLABPLmkw
mjsw0_si1010,lcwJFLAcBcQnLMJiKLcPBgFQIywUJlcvrLkbDLkcJLHhrCwDQLkywLuJgULkLJyLk
mjsw0_si1640,veLkwLScDLzGDECnCD
mjsw0_si2270,kLkaLuULkwLkJcCLMwyELMcScDUyLuF
mjsw0_sx110,lcLhbnJLSsmwcBnrmDwJLlMwJaCQLbnLAJLArLHIbCLhBcCU
mjsw0_sx20,KySaISaICtByJyScBcDcFQrnFBUJ
mjsw0_sx200,IbBtLAwDLMIFBlcJLMaLHhBaLMitcDcLhByLirU
mjsw0_sx290,lwJLHrKrwULHMIwLAwLAwBywDtaICwLMwtrLHrwJLHnLMwQhgr
mjsw0_sx380,SgLirLzCcDytrwJcnLzLuaILhIwLzLALbn
mmdb1_si1625,vyCsLAJLhycCLABFBFLtrLhB
mmdb1_si2255,vyJLJSaDreacLkvgUJLMSarILkcLlhncLuIPcCLJcCQNwtLAyDLtymwcBSs
mmdb1_si995,bnLkMkMwtrLDLMgDLUJyJrLkuwUcLAByLABcCQCcDLABnsrBymrLwnDmkwUaIwOLuAwDwJLM
mmdb1_sx185,lkwLzPLhgbnDyLAaILmrBsmwBFQIrnBJ
mmdb1_sx275,JLMyQtaIcLhInsLIcnLAbKIDwJLBnmr
mmdb1_sx365,lyLMAucCcDCDLAcnLMwPUQUwLMcLAaIDrLmbDLkcDLHBGDLMtNSrwNIyerU
mmdb1_sx5,KywJLlHlwDrwlwnDcFBywcC
mmdb1_sx95,yLuSaDwUwDbBwLuAymwrUrnLMIacLHytvABcIcnLMgBU
mmdm2_si1452,HFBLMiIwyLIyUnBLJcQlwywIsmyKDLMbJLcLNQLHFBLMIyvwQwDLASgsyLJwLAJnJtB
mmdm2_si1555,cJLJByLAyQGJbDLJrLk
mmdm2_si2082,vTwrLhaGDBwECnBeBLAsLyTyP
mmdm2_sx102,JLHnKBLMbJLvAvSarJwULInJLATEPvaJcLzMPwUJUJtICLAHAwLDnancLrUJUJ
mmdm2_sx12,SBIacLmcDcSryTnBcBwDBy
mmdm2_sx192,JLMIavbLMJvraIDmDctnKwDwJLTPrIr
mmdm2_sx282,lwLMPNtNwrIytrLuaLMcLAcCScwDIgLzrULMPNtcBeF
mmdm2_sx372,lcLkgLuIbCwyLAJnwDJLSBybLAMrCcLiJLMcnmy
mmjr0_si1648,TcFcUctwnIByCaILDCFLMnBLSwJNLASgswLhwmcQcBnLMLABQlkcJLHBsDtIcDLM
mmjr0_si2166,SBOLALJLIymvaILJaCtPBSawJ
mmjr0_si2278,kzPLMsLAJKJwDUtaILAbcDyULMPLhnLkIrDCU
mmjr0_sx118,McCLhBawDaBlwELkrywDJLwvbBaILzLhFB
mmjr0_sx208,IaLhJbLHgIlcLHaDLkLwDULAuInLiLlwKLMInLzTyJ
mmjr0_sx28,ksELlQbLuaILktIScDLukunBcDcQLAunbJ
mmjr0_sx298,gLkIbLklwDaLHaIQyKPrULlnDCLkyFQrLiaILzLk
mmjr0_sx388,vrwvbDsLAJLDnQwcLlcLhnbrICnLMiLIwLALHInrKrLiMinDLzizwrU
mmwh0_si1089,HIvbLHJlwEwULIyQlQwDSrKJNnD
mmwh0_si1301,kyEDLJLAwDtaICwDwCLHaILADLHrIswLzLhwLMSyDlwLHInKLlBDwDLnDctbLABLMwy
mmwh0_si459,vytrlnrILHrLHIFULuIbDLMJcQwDcDLJLHbnJctBgLMJnBFCLtrLAJLHrnCwDLMcBvaJLhwmBJ
mmwh0_sx189,lklwJLMIgnrQIytgBerISIwBsmDwLMwCgamwLMJ
mmwh0_sx279,bBcJwUwLQhwBcLMyLiSrLSwlDneBJPLHrQwKwDwULDFLSwNwy
mmwh0_sx369,haLHsLHrLmFLQwcBQBwQwEIwCDTrIrBU
mmwh0_sx9,SnrISIyTPSnBSySrSs
mmwh0_sx99,DwLkyQBJgnwmwsSwULhsJLkMaEvearLMyJ
mpdf0_si1542,lwtyLSaCyKPUJLwCDaQTPwJLMwJKIyLHrnr
mpdf0_si2172,JLMInELNtNLhyLubnDLkMwUwLHcaLHwDLkeBcDLvwJLzizwnwJLM
mpdf0_si912,TPCsbCsUKTPrJnBtwDwLASgrIyFBCbLAtaI
mpdf0_sx102,JLHbnKwFBLMbUJLAtaIJwUJLInJLATyPvaJLMwLzwJLtcCLAwLDbLHrU
mpdf0_sx12,SywPBPcIaLhwDSnIFTnBFBwBy
mpdf0_sx192,JLMIacvbLMJiracmctbKDnwJKTPr
mpdf0_sx282,lwLMPNrwtrLmbLMwLAcCScDIaLzwULMPtIncBc
mpdf0_sx372,lbLkgLuIbCsLAJnDJFCBybQtLMrCcLiJLMcmy
mrcs0_si1223,lwIwLAFLiLIbDBgLAIbLhwLJ
mrcs0_si1853,lncJLHwQbnDLJwLArLkwDQLQwLMwDUJLisDUwDwLHwIwDJLnDPcDUcrIgDQLk
mrcs0_si593,lwLunBcDLkMvbLJwmyvwULkgwEcDwLJUtyLA
mrcs0_sx143,lwJeDLkwDLznwDctrULhuywQLuBJLAuwnsILlybQtBcBLH
mrcs0_sx233,vgSgsynDMtIySsLCyDwJsCNwE
mrcs0_sx323,lctaLHIPQnDmwlnCtIcCrIgQlwEaDELMgcC
mrcs0_sx413,lbQtLDyJLSymyULDymBLHGLJLAaIQLCbLMJLMrJLArLkM
mrcs0_sx53,yQwDcJwLHBQhBcLAbLhywBnrIyLADLMsDJwChBU
mreb0_si1375,atwDLkeDwDLJLMInJwDLHBywDkwLAsPLMJyJneIwELDcQwLMnDLKwDaIyCFKwD
mreb0_si2005,vyvbnbLkDBDBnQtLMrwDLQgBwLlsLAywEtrwDnFPBsyngarmySwLznDLMFcvrwDLMagagaC
mreb0_si745,HIgFSLuaILMnbwDLJLlkMwUTPKIFB
mreb0_sx115,lyncDCBcCLkwLHswLAJyLAIbatLHBwUJUaBcQBFB
mreb0_sx205,CDwFcLMrIyLHIrJDeBaIwLAJLHnLAwLMIPFBLhsLunQCDwDaImrU
mreb0_sx25,aFcDCBwyCGrwULBacQCsTywDwrU
mreb0_sx295,wLArIBLAcCJULMCICacBLvbQrIsDLtrCymDwEDEwLMP
mreb0_sx385,vwKFlmrtneBLHnwUwtwSrLhIFLAwD
mrjm4_si1489,vbDmDBaJLuAuFPFBCLhcJsC
mrjm4_si2119,lyTwDUJLMwELMwLkwJcLHBDbKLhwDBaJLkM
mrjm4_si859,wDaDELkMwDLMIrLhyLMrLHBbDTPUyScDLHsatcDlcSaSrLArwnDLMwgBwrIwLzgrKU
mrjm4_sx139,lcLhacEDLkcBFScULHIaFUDCBsyJwLiIPGIsmwLDwrIrlwKraIr
mrjm4_sx229,CaITywcBcLMyEtaICLHBacDcDLk
mrjm4_sx319,wLhwLuFLMvgQByvbChBLkNIPlwctIaICDwaIDLD
mrjm4_sx409,lymyEDJLHnwDwKLDCgwDLByDLHtIyKJDwJLMInwnsELuDaIabLATncJLDwy
mrjm4_sx49,vbLMaBnwLkmcDLkMIaBNLksSwBbDLKwLhBy
mrjr0_si1182,lcmcnUJLkwtrnDLMiysPsyLlkcwtTPcQlyUgLkywDU
mrjr0_si1812,wLirwDLDywULDFLMgCtaIwLAIwCwDsKDwDU
mrjr0_si2313,SnBcLzPwDTrLkwLuCwDUJyLvFBDCBySagDLnwnDCwJLMIcvnwDCDryLkwLDyPQwDLkMPlbeLSBneBe
mrjr0_sx102,JLHnKBLMbJLAtaIJwUInJLATyvaJwLzwUtIcCLAwLDbLHrU
mrjr0_sx12,SwBIaLChwDSnIwsTwBcBwBy
mrjr0_sx192,JLMIacavbLhJaIaemctbKwDwJyTwPr
mrjr0_sx282,lcwLMPNtwrIytrLkaLMwLAcaCSwDLEIaLzrwULMPLNtnBeLH
mrjr0_sx372,lcLhgLuIbCsLAJLMbnCUFBDBybtLAMrCacLiJLMcmy
mroa0_si1307,lwJwUDFDwULAaDJLDCDCsKLDCBaILwDLkMLHwLy
mroa0_si1970,lwLAwByvwLkwDctcaeBLQLDwDcCIyDQLMDLMPLhkwLukaDwUwQDcFacDwBJLIrIebD
mroa0_si677,MCLurLShBLAIPwDULADLhyDwFLmkwQkmwBJLSr
mroa0_sx137,MtMIwLmkwKDcLHASarIULHInDmFBLHIPBtLBIcDLuIrswLzLHBIrLzi
mroa0_sx227,wLJnBNiTrLkLAOLAHLHScLNnBLKIPwLr
mroa0_sx317,lcLAIbCLhrIywLhaFBLukwLJLhIrsyLHIwLmkywCDBcamDcLC
mroa0_sx407,BbctLkIbDLMJLwDJwEwtaILAiDJLCaBULHacDTP
mroa0_sx47,CaCJLAIaDESyLkwJLBgLAJLHnLHLMnKrLUJ
mrtk0_si1093,ScmnBcCcDJwvQvgarILhwyvsQmwraILmkywyJgJyQt
mrtk0_si1723,vwDTPgLkywLkIwtLMwLQDwDtrCDcSr
mrtk0_si1750,HwlywCbJLIwCJnBtLtwlwCbDaDLlkwJgLlcLHIgCwDwJLMIrtywmIwrw
mrtk0_sx103,AaDbCLhyaBcDULtrCnDmwyLAaBJwJLMDLJ
mrtk0_sx13,JLSIwETrIraICwUvgUKTPLAbD
mrtk0_sx193,SgcLQBgGBSwDyTPaBSwywLzywUDCgDC
mrtk0_sx283,HBgbwDLHrnrwDvbnwmaILmwDwUsKDULtrCDCcFDLCrwUJLAwDLMIrB
mrtk0_sx373,wCQaIwEDaQGBwUsJwLHrCJBsysLNHwELHwnB
mrws1_si1130,KwQNlwyPLAJnBcrIswELuIbLNwtLMnsLDnBcLzvylwDcSaIDcJ
mrws1_si1496,btLMIrwlQbLhQBgFwFDUJtScUwLuUBLMcDLkMByUy
mrws1_si500,lwnDrIrCaIaLNtywJLDwCLtBCsDybLAJcDwDyLHIaQmwLmkgLJwrwyU
mrws1_sx140,bcLuIrLABFBLMiMiIFBLHIamBcwLJrcDlyQwDByLkwUJLMIrLhyLmwLk
mrws1_sx230,lcBeFBySsvTywrSLSIwLkInKDcBgUaBnrU
mrws1_sx320,lwDwrIwJwDwELuaILCDwDaLhySwNwDESaLAwEDLkwJLMwLJ
mrws1_sx410,uInLhgUtInKLCDFLHAyLMiMLSwLkMwCaImr
mrws1_sx50,AbmwJLMIatrLAyLAwDacCrwLAcLHMbnbLAJLCwDLuBcLlMcLHaI
mtaa0_si1285,lLlbwDCByIbgKLDwDLHIaLhBySOLhyDnJryw
mtaa0_si1915,lwSwUQlnrIrwUlwLKwyScLkvbtLMPwDbaLMAIrIyDacDJysKDLkbgcgcgLutrLuwQDwcJ
mtaa0_si596,aDlyUlstwPBsLAwDFBg
mtaa0_sx115,lwcnBcCLMcLHnLAJLlBwLAaLHBcJLaBcLuBF
mtaa0_sx205,DcFBLMrIywLHrJLDarLMJLHnLMwLMPLhsLukwcBQvrlwLhBOmrU
mtaa0_sx25,FBDByBaGyTyrUJBaBLDwGByTwDnrJ
mtaa0_sx295,wUtLAnIFLAcCJLJMLCBaIBLvbQrInsDLMtrCymyEDwLMP
mtaa0_sx385,lvwKPFaItIaFLAncUcQtwLSrLhIFLAwD
mtdt0_si1994,JwFtaByULhwrUSFOcOULlkwLuwnLCywDQhnLDCbDTPLzwJLHnbnDBSamcCScacmy
mtdt0_si2254,ABSgbSByvyLkwLMrQcwcDlkctaIBvr
mtdt0_si994,vrJLMcmywQvwJLMIrIyScULHIwrJwJLMcDByLHrKJPLk
mtdt0_sx184,lwLAbLJiLCyeGgUvrLiLCgTyrU
mtdt0_sx274,ABOtSacDQJPLlcLhcmcBcFQwKwrIywJLCcJagagLz
mtdt0_sx364,yLzcDLMgCBywDLAcCPBaJLAFBFcJgmwLSwNlNcLhIgLkemDcQwvyEJwJLMwcCLHaI
mtdt0_sx4,zKzysysDCswrDCSOaICcmyLhgcSaILAyEvarILk
mtdt0_sx94,TFJLMIrwUBcFQLAaCQCcDELAbDLkywULMIyLMJ
mteb0_si1133,syLAnDLHIrLzbnLABcacaEIsDLzLuFUtaIrLJnBQkt
mteb0_si2064,vyScULuwtLMwLuBSBwUNbDcDmFDCbEDwLMwUcCLbDcLHFmyDcBwnrtrScDsDwFcCQwnDyEIsJ
mteb0_si503,lknIyaJLMwrTywQLDIsJy
mteb0_sx143,lwJeCLkwLznDctrULkyQBJLAwrLlybDcBcFLH
mteb0_sx233,veSgsywDtySsLCyDwJsCNbswE
mteb0_sx323,lctaLHIrQnDwDLlknbCDtcClrIgClwEaDLMgC
mteb0_sx413,kbtLDyJLSyLkwKLDyLmkBLHGLJLAaILtCbLiLMrJLAr
mteb0_sx53,lyQwDcwcwJcCLHBQaBLAbQTywBnIyLAwDMsDJnCLhBU
mthc0_si1015,vsywncDLHgKIraILkUwcBrLiyJaIJcUcQBSaLtJLMaLAtyLkM
mthc0_si1645,JcLiKLaeLMwCwUcCScULUADLHNByBycDLzwcJLMctgLk
mthc0_si2275,wLmkncaBLkwLkOcLANrIytwKDLknDKwLHKsLQ
mthc0_sx115,lywcCLhBcDLkwLHMOnLAJLMywLAIaLHBcUJaBwLuBFB
mthc0_sx205,wDwBcLiMirIywLHrJDneBeaIwLAJLHnLMwLMPBLhsLuwcQrCnwDLMaImrU
mthc0_sx25,vFBDCBsyCBGmwrUBQCDwBywDnrUJ
mthc0_sx295,wtLAvrFmQIBLAcDCLJLMPaIBvbtrIsKtrCymyEbLMP
mthc0_sx385,vwKwFBLmkrtwBLMnwUwtwSrQLhIFLAwD
mwjg0_si1124,lBnLDCyLASFLMvwDCyQlNtwDvSaItByLtrvwUwDbBcJwJwUwCLHaILDLMCSgNLMyC
mwjg0_si1754,vyJwLlwLAIsyUytPCBvbNcBcacFC
mwjg0_si494,lsLAJBFByPwLByJLMLAScDvbeNearcBcFELurP
mwjg0_sx134,kyJwnwCLhIwDLzbgDTPIwLcDgJLCScCJLMwJLHnDLkwLDCBgnDy
mwjg0_sx224,veLuABPmwUKTPIwDLkarIGwDLJ
mwjg0_sx314,wLHhyLAHBcQScILznDrwJLlwFSFcLhyDFcDyLMLNtcSnBNtwr
mwjg0_sx404,haILhLhrDLkLHsLHrwDByQUwDlwQHwLhaCDtgr
mwjg0_sx44,hbJLMcLhHaFBLAwDLQhywDwDwrQLMsmwELuJULtaI
fdhc0_si1559,lkwKUwIwcByQyUwLHIagLAJwCsLmzwLkSwmySwJLtIyBwESwLNlklwDwCJnBt
fdhc0_si2189,yTyPJalwcCaSyULlwLunlrLlkFUvTrU
fdhc0_si929,lwnLkzJcnLiLAsJwUSrwDlwLHbJLMbnDTPKzwPBC
fdhc0_sx119,lwCwJLABcSwUIyLMIbLMwLkSIwLNwDcCLHBaBwLzyE
fdhc0_sx209,CgLAFBLABcBwrLkwLhbnLkzIrCSaBScNLMAIsgDU
fdhc0_sx29,vnBLHLuInbLMwLHwLAwLHBbnLAwQLlhwLMsLmwcCFCU
fdhc0_sx299,KyDEwELAHAIyCwUwcLHBagaLHTwBrgwmwCcDvaBcSIyD
fdhc0_sx389,lsacDwLhywEDEyEvbeUJwDlcwQIrCFLAwDLMIyJgLk
felc0_si1386,wDSsLKLDwDLuFKysKwcDUNlNywDLkwJLMIyLhaILuwDUwUwsTPDcnmLSwmlcJwEDELuBywDwTwD
felc0_si2016,vyQaDFULInFLHJLlcLhFLMJLAcCcDJLMFcaLA
felc0_si756,DlwLMwnIywBFJLJrIwCwLALCcBwELABsLInLkcSgsLkarLhct
felc0_sx126,aImwtwKBwDLMwnBcwLzwDLJwJtrIyB
felc0_sx216,lcJLCaLhGLHOLlcSaIrCcDvaFOFOLA
felc0_sx306,cLiwFnFUwDJKTPSBLhyLAcCLzbnDrBJ
felc0_sx36,cFDBsLkwcCFJLMcwcLAaCLHBwJaImcJcLMwnwDLHvaLHwBnrmy
felc0_sx396,lctwKLHwLubnDLMPSyLMInDLMwLABybaDlcJrQcJcQwJLCaBsLA
fjlm0_si1043,DaJcLHIagUwEBIyLlwJwLHIcFLHiJLkwLDeaSgrLA
fjlm0_si1673,ScnDNsDLAvywLNaLDcLhSgmywDFeFUcLhbmDwyTb
fjlm0_si2303,wDKaILwnDLMwLhaIwDaILhrwBtIsULJBgUJKJLMwChr
fjlm0_sx143,lcwJbnDLkcDLzwnwmnwrJtrKLuyLuBFBFJLAunIwLlkvbDmkcBF
fjlm0_sx233,veSgsywDtIySsDCyDlcJgCLNsE
fjlm0_sx323,lctaeaFCLHrUwDwLlkwCJtJrncQlCcrIbmQwEaDLMgcC
fjlm0_sx413,lnLtQlDyJLSymywKLDysLmkFBLHSBwywLAJLAaItLCbDLJiLMrJLAar
fjlm0_sx53,syLmwDcJnwCQtQtHBQFLAbLhTwBnsLAwDLMgsDJwCBU
fmgd0_si1564,cULhwDLIyScncnULDkeDwLhgJLDsLuInBtnDJwUbvbCLlwnISrLuIsUwELAbmB
fmgd0_si2194,vyDBnLktaBSBwDLMPwJcBFatLzwnaLhLwDelwLzaLhScwULuaIDwDvTySwJLMIbDLkw
fmgd0_si934,lcNaImyJsLlhlwmwFBQtJLMrIrwUaIwELtIgDCDLMaILuw
fmgd0_sx124,aLzwLAJLCsLmkwQLHATPwraLhTPmwtB
fmgd0_sx214,lwcCaIDwELkPcDwJLhgwrISwnLlBwJwDLkwnDwJgcD
fmgd0_sx304,KiyLJLMaLAwEDNtIacDlwtrJLMaDlDnISacD
fmgd0_sx34,kFLkPLirIByJLMrmyLkwKywU
fmgd0_sx394,AebeBJyCsLAJLhFDUwDLMyLMJLMIaE
fmld0_si2185,KyJwLziaILAKbnwQDwFBLhFDUwDKInDLHJLSbnCLhbLASrw
fmld0_si822,lDcFLHrLhkcnLAKDwDCsLhywDLAIyJLHcmybLMbgDLktQtbnLMwLHIaIQtHrIyUwQlwJLMIcLk
fmld0_si925,hcDvySDwUwDLAcJLMwLmkywULSgLtLMwLQaIKJLMwDC
fmld0_sx115,lywcCcCDLkwLAMOnLAJlywLAIbLHBcJaBScLuSBnB
fmld0_sx205,lwnBwLMrLHIrJwDnBrwLMJLhHnLMwLMPcBLhHsLuncQrCwnDaBImrU
fmld0_sx25,FBDBysQBGsrULBcQDBgsywDBnrU
fmld0_sx295,vwtQLATnIBLAcCJLMcCaIaBvnQrIsDLitrCymyEywDLMP
fmld0_sx385,vwJKnBLmkrtnBLNMkcwUwtwLSrLhIFLHAcLD
fnlp0_si1308,wDLkMsyDwmwULHaJLhBLMwJcnLNrIgsyLDBncDLMaCLHvnbIrLCnsEDbmnwDELtcCwLAByIrtbnLJ
fnlp0_si1938,tBgmwLSwDLkcULuBFLzwOBLhgLkPlwLkbcCLHaGBr
fnlp0_si678,JtJebBQgsKwDIyLAwDJnwLmzrLk
fnlp0_sx138,lwcLABcCUyLAvbnJcwCrJLhlwBLJwDCwyLJLlMnwDJwQLHracIrKTPD
fnlp0_sx228,lcQLkyPLHGEDLDcQrUBnLlywnswKwD
fnlp0_sx318,HMHMBsyJLMwswDLDcCLlcLMsmcUcLhBctaItaBJLM
fnlp0_sx408,aLkQIaLlwJcLhBsLHlwcmcavnClwDyDcQLisDLiz
fnlp0_sx48,uIsbCclrecDLuPLvrbLhIsEvywDwDLvbnmDywLAugFDLMU
fpas0_si1272,vSBgnQrwLMirsbJLMIrQtwUwLAJ
fpas0_si2204,HIwmyJwPwPScCwDLAwbwDcBaDLATwnIwDwtBlbCLhIaUcSaLAwDJLJMwswnLA
fpas0_si944,wUvtctaICwUInDLMwLlcIbCcJLhyLHbsLk
fpas0_sx134,kwJcCLhIwDLznEDTrnrIwDgUJLCcDLJLMJwJLhcnDwCgbwCy
fpas0_sx224,vHcLhuOmwUTrcwDLknrwDLJ
fpas0_sx314,wUtNLkyLHcBSrCaILznDrULlnrILhwEDcFcDyLktrcSBnBNtNbwrC
fpas0_sx404,haILhIrIwDLHsLHrDcByQUwDcLhwLhaDCtarI
fpas0_sx44,lbFcFULAuwLhaBLAwELhywDnDLzMwLMIwywDEDJULhaI
fpkt0_si1538,cLAnrIwLzLAIwDKiLhgDLULkwCBSgDLiJLlMlwcBLMwELuksPmwLuBwPC
fpkt0_si2168,lsCsLuAcJLADtaICwJBcLuO
fpkt0_si908,SyaBSwULleSyCwLkgIQcUNanILhOwLJcD
fpkt0_sx188,vPSBaetNLNMcIgUwywDBwDCDwmwmwLAJLQHCbnJwLAecD
fpkt0_sx278,MwtrlrvTwUJLHIwJLMyLMiTyPwLAsKDBwyIyUlcSaBJLMIyLzrDB
fpkt0_sx368,CBaIyULAaJLMwDCyPLmwLhBabELuSBcnUwLhyLAcCLHBwyBynBwLuwn
fpkt0_sx8,SgynBcSaIyFQIrJwBygLkwDCU
fpkt0_sx98,ubnJULlcLABSnKwDtcDlbybybDLMJr
mbpm0_si1577,hIcaDgwUgILhInFBCcJLMbK
mbpm0_si1584,InLMrwUatwDLATwrIrymwJLJatwDLMnCLMwLkbJLASnKJLiwDULHhcmyDnQrLkwnLD
mbpm0_si947,tTPIrcBnIywUwLHrLMnLAwLhgUcDwE
mbpm0_sx137,ArwLkwKwDrLASarIULHIncQBcLHIPQBtrcDLkrsLzLDCDnrwLz
mbpm0_sx227,wLMJvnBtTrLkwLAOLASwNbLKrQLQr
mbpm0_sx317,lwLAIwDLhIswLhaLkwLMJLCIsLHrmywDamcC
mbpm0_sx407,BbNLMwnDLMJDJswEDEwtaIKwcDJLSgeBUcLHBcaDTwP
mbpm0_sx47,CaCULMaDEBwLkwJBgLAJbLlHlcLMgUrU
mcmj0_si1094,lDwDCnbILAwDwUJLMHswLHrIyQyIrcKUJLBCgLMwLAavwULHMgsgsULDybISBcwnJLMwLM
mcmj0_si464,lcLMHIaJLMbnLMwQLAcmwELhbLAJLHwnwDwDwDwUDwrDLMgUwDSaIDtIrnwDwLuacIQLIwDr
mcmj0_si602,hcLHwKwLHJnwQrwJMJBFDveFeCDwDCSByLkaDELuwDLJwCwmwJnwBrUwDTPCarI
mcmj0_sx104,vywJLMnaBcLkgwDCDtcDCcLhbsnILur
mcmj0_sx14,MLvytaILHNMnrIrwUNlwnFUwLuUbCIyQlyrInQhytaICDwPIc
mcmj0_sx194,CDswDLzraGIywLDCScIDvgarILkwKwD
mcmj0_sx284,zbnbtNrILTPaILvTPmwEDEDLtsnQIrnIQIwJwDLiwtLTPLzLHIrLiwJ
mcmj0_sx374,zaEDELABIyDULwKatnwKtIrcCBwQwCD
mdab0_si1039,vyvynFULDnQrvwDJnBtLMcsUDsNsQtaBLhSwLiLMJLhyvsmsLQLSOLiwQcJbnbUJ
mdab0_si1669,lsLJgmwLkwDLkFcDcLkcwDcwctgrwJnBt
mdab0_si2299,JcCLvbnJyLAcaSBcJgmcSctNLBSgtaBmwULhywLvFC
mdab0_sx139,lwcLhaELucBaFULHaFJUDBsJwLiSBwsmwLkwDwKaI
mdab0_sx229,gIgyBvyQtaCLQHGBgwSwLM
mdab0_sx319,sLhwLuwOcBLgmDwBwynbsbLhBLMcPlwctaIyaILk
mdab0_sx409,ymyEJLHwmwLKLDgsByLAIyJwJLMIswswLNLIrIbgLiBcJLBy
mdab0_sx49,lbLMSgBsLMcCcJtSaBtNLMsBaDbBQKcLhBy
mgrt0_si1450,CyLMAJLlwIsysKwDLHIrICIaJnJwEvwnBQCyLkvbnUIyJyQLkwLJLMnDLJywyQwCnJLMwLusKwD
mgrt0_si2080,vySwOLDcaLArnrIrByTwcLhIyQtLiAiAisJ
mgrt0_si820,hgwlbDLkLScDCtyBUcbLCsbsLbmwDLtaIJcwULaIwULzwnDnaBLAbUywBnLAwLABtaIJwQwJ
mgrt0_sx10,agvgDvgITrLuIsyLUvgrLAvaImDBaIrwlwcDCbDLJyU
mgrt0_sx100,HIaLzwLkwcQnBcCnDLvScUJLHIrJymyELMPJLBFBy
mgrt0_sx190,JrQUwLABJBaLvbtKrcagLbDlycBsnB
mgrt0_sx280,lyPFBsJcJLScUwCraBgKz
mgrt0_sx370,lcDCgFaGULHIaBcCDLuIFULCaIcQcDcFGsDyLiLks
mjdh0_si1354,SwNwDQDcBaILzrJFKBJwJLMcCSagImlwJLMIcLAKLBcaDBtcDLKLCDbBLJcLHJwJLMcCUJ
mjdh0_si1984,wDScmgGgyJLlNwswSr
mjdh0_si724,kwLzwJLMIyCBgDIgtBtbJLMwDcScBCsLk
mjdh0_sx184,lwLAbLiJiLhyeSGIGyLJirLiLCgywrU
mjdh0_sx274,lBctvSPKJPULhngcQlcQBOwOLAiTwrIyJLCDJgagK
mjdh0_sx364,yLiwnDLMgCBywDLAcCBaJLAFDLJgmwSwNcLHhIgLkeDwtwvymywEAJwJLMcCDLHaI
mjdh0_sx4,zysEDCsrIwDCaICaGmyLhgSrLAwEvaILk
mjdh0_sx94,TcDLAJLMIrPULBcFQLAaDCwDELAbDyULMIyLMiJ
mjln0_si1449,ziyNwDLMrUJLJMwEIwLzyPcJLMnrnrIwBcwUsKwDrIwUgLUwDwCDcBcLMrwJrIQIwJwJ
mjln0_si2079,lsDEDwLJBbLHlBsmrtgJ
mjln0_si819,lsnrtaIJwUcCaIDBsLDPLQnDwDcBnLMIwJwmyLbDBnJlwDwDCDbEwLtwUwcC
mjln0_sx189,lkwJLMIPaGIGyDwnQIytaBarIcBsmwLMwCgamwLUJ
mjln0_sx279,bBcJwUlcLhwBPcDyLMcPSarLHSwDbebLJwPLhHhrcQwPKwDvwUDFSrUy
mjln0_sx369,haLHsLHrmFQwlcQlwCBwyEPCwInBJ
mjln0_sx9,SnwSrTyPSnBSBySrSs
mjln0_sx99,CwLkyQBJcJagmySwNhsJLMaDEvgraILAMyJ
mjmp0_si1535,vyLMiMIbCLQhBQCnJLMwULHyKOLkKtsB
mjmp0_si1791,DFlcCbDScUDabDcDLKzIcbDLMLvyScDLkrLkveBIyLunabLMgLkcFLHSwLNwJLMIsDwDUEr
mjmp0_si905,vwUSrLhwLzTybDLzwJwLiJLMsyUbtLMwLlkctBOc
mjmp0_sx185,MwLzPLhgbnwDyLAaImrIrsFQrnBtJ
mjmp0_sx275,JLMyQtSaILhIsLInsLAbKPCwrJLBSBsmr
mjmp0_sx365,MlAwLkuncDCwDLMAMnLMwUwLMwCLAaImrLmkbnLAMnbCLHGBGyDLMtIwJNJLIyerU
mjmp0_sx5,KywJLMnDkrUwDgybC
mjmp0_sx95,vyPLuBagmDmnwUwDbBwLuywPwLmrUrLMbgLHcLAcIcLMgBCU
mklt0_si1213,CgFcDCwLAJLhwIwDLQJwUJULQBaBFcDQJwDLtMHSBrBgDCU
mklt0_si1843,KPSPwUInsmytavrLuIsLmwQbnDLAMKwPrUcwDLlkyIamQcBlBcQrQCFLBcLHaID
mklt0_si583,lywJLSyLAwDJwQctltnmwLABywcDcJLMbDCQ
mklt0_sx133,MyLMJwrIywUwLkDBLlBywyDTwtaILASwyLkBcLiJ
mklt0_sx223,HwOLAcLhwLiwcLhBaLMsLQBcBcDLkwLuIrIaLz
mklt0_sx313,uIatagatFCUDlwcLhaDLKJKLSctSaITyLuPSPBenbB
mklt0_sx403,vcSaILkIcwnILADJwPwJLMcQaGFBDCByJLArLJwDLhBbnbeUDU
mklt0_sx43,nBLmkIwQPwPwLHIyLQHBrvatcDwLAJLABPLmkwLk
mlll0_si1363,JcByULhHhwLAwBsKwDJLCywJcCnIwLaclrKwJcScmwDCLhwLTPcJ
mlll0_si1993,KOwLKyPSIsLAwDC
mlll0_si733,kPFQGLHBcDCLMKIsDmErLAsDwDLMwCyLJLMnwJlcC
mlll0_sx103,AaDbsDLhyDBwDLJtJrCcDmwLAaBJwJLMwDLJ
mlll0_sx13,JLSwyETrvaICwUvgUwLAbwD
mlll0_sx193,SgLhgBgGnBtLScDyTaFBwKyPULDCgD
mlll0_sx283,HAHABsbDLkcLHnrLkvBPwLkLaILuAIwUsKwDULHNHcCcFLHrUJLAwDLMrB
mlll0_sx373,cLhaIwEDaCvaBcwUwJcLHrLhJwyLAwELHnB
mlnt0_si1574,hBgJLSaIDlcrcIeDLlwLhFBcLDBnDLMwPBUwDSwLMvyCaLkwLhaILhIbnLM
mlnt0_si1902,lcLHaLJwELuBFQLlHcwJnwLurInLM
mlnt0_si642,lwILHIaLJLSrLMPDJLMwnLHBbmrULlcLiywnrbDcLHaCtLtbD
mlnt0_sx102,JLHnKOcLMbJLtaIJwUcLInJLATPvaJLMwLzwUJLtrCLAwLDbLHrU
mlnt0_sx12,SBFcQSaLhwDCSrnrwsTFBlBwBy
mlnt0_sx192,JLMIavbLJLaraeDmrtbKwDLkwKywPr
mlnt0_sx282,lwLMPLNHNrnIytrLukbLMwLAacCcDIaLzrULMPLNlcBeaeLM
mlnt0_sx372,lwLkgwLuIrarICswLAJnwDLJLHFDSBybtLMrCcLiJLMncmy
mnjm0_si1580,TlTyaeSIywJsbCLNlNcDvbBCScDrwDwLwnDvncULHaLAwD
mnjm0_si2210,CaIyLHrDbLkuIcNJLSBcLJcBnCr
mnjm0_si950,bJBacLlwBScULhyaCLHaBcLMnLAJcDvbLDFcDymcLtHtntJBLBcLAsKwDLhgswCnJNlwLz
mnjm0_sx140,bmuIwLAaBLMIFBLHIaDmcLAJaIaDywQGByPlcJLMIwncQwmDw
mnjm0_sx230,cBeBPTPSswrILhcIbLKLDBgUaBvnrUN
mnjm0_sx320,lcDlvnrcwJnDcDLuaILkLDCDwnDaLhwPScNcwDCSaLAwELQnwnwNLlMwcDLJ
mnjm0_sx410,uIwnsELhgUtIcbnKLDnBLHLsLiLSsyLNlNsCSaGIDwD
mnjm0_sx50,AbmcQJLMIatwLMbacLAcDaDCwcwLAcLHbLAJLlDwLuBbLlwcLHaI
mpam0_si1189,sLktTyFBLucDUSrLAbLirmwDLHwUwKwD
mpam0_si1819,vyIcLhwUgJBywLHcBySwNLScDTvTPLzLHaB
mpam0_si1961,cJcLkwLMISIwLziLMwKrLJLDByQLnDytncBLlMcLhIyLHhHhrmcDwUcLhIaIC
mpam0_sx109,KyJBOwOLMwDULHhIsDLkrIbELAaSaClwJLMyLJBFLH
mpam0_sx19,cBOPCPcDwDJcQcSrLAwDatcDLhytBwCUy
mpam0_sx199,TcFDELiwBLmkrwDLziwmwCQaGwLkTwLuKJLHFKUKrLMcLAwDLMsLzwJLMkwPUyUwU
mpam0_sx289,SnlwLHrwQLuAcBaKwUrQrTPUtFDwDJTybmBcF
mpam0_sx379,MbCLkwQLkIamDwEBbnJDUcCDLNrIrJLksJ
mtas1_si1473,TFcaDyLkwDlctLvcDy
mtas1_si2098,vyLuyCswKaILAvaILkBbtwDBOcPLMwDvrDFwEBy
mtas1_si838,wELAIyJwyELMwCLhHFBQLDyPLHIamwLkwQnBLCwD
mtas1_sx118,McCLhgwEDaBLlklkyELuIywDJLwDcBaILzLhB
mtas1_sx208,IaLhJbLhglcLHaDLkwDJLAwnLziLlcJLMIsLkyJ
mtas1_sx28,hsELunLuaILktrScDLubnBcDLDcQLuAubJ
mtas1_sx298,gLuInlwDcLhgDUkyKyPUlwcDLhyBFQrLzizaILzLk
mtas1_sx388,vrcrIsLvbwcDLsLAJLScDnQIwlwLhInrIrQCnbnLirLHInKrLisDLzwU
mtls0_si1370,SwCsJslwLvwULHIaCcCScULhkbgLDFQJLMLlhcLlnLvyIwtyJLMIyLCwD
mtls0_si2000,SyLAwELuTwPwmwLlwtwLkuPsPLkvyJwLHsKwLDBy
mtls0_si740,kPScNbebLtNtbDLJyLMsQhBQvaBcQJ
mtls0_sx110,lcLhbJLMhBSsgLMcDCgrwDwULMwJaQCQCnLJLMrLHIeaLHBDU
mtls0_sx20,KyPSaISaICDCLNtByJySclcDFQrgBU
mtls0_sx200,IbtLAwDLMIFLkwJLMaLHBaLiLtrcwDlcLHsyLirU
mtls0_sx290,lwJLHhIrcrKwrIrwJLHAnLlwDEtBcICLMIwPtaILHrJLHnLMcQhacgr
mtls0_sx380,vSgLiaILzLDIcDytIrJnLiLHuhaILhHwLz
mwbt0_si1553,veSnQclcBcwmrIyCDCsyLkaLhbDLMwLhgJnQBLkcUwcDBScncDLitIPcBDCJcLHgU
mwbt0_si2183,hbOLAJcFtcFKDyDBcOcLHJ
mwbt0_si923,MwCnDynLAJLHrwLiJlwJLMInwDSwUwDnQwcmwcLhB
mwbt0_sx113,sCcJLAwBcbLkcCcnDvwULuOLktaITPLhbLA
mwbt0_sx203,lwLAaULSswnwDLkwlLlcLhIcLHBsyLbLlcKwaI
mwbt0_sx23,lBFULCTPUswKwDUvbCDcDgULCDabCQBcJBGy
mwbt0_sx293,HlLNlyULMsLlwUJULkMIrOPmyLMsLhBcLABaQJLMwDlwLAByDwUtcCs
mwbt0_sx383,lwLAbaLHwLABymrULKsbcCLHPLDeIaIycDLMcIaFLk
mwew0_si1361,ScmwDlwJLScDJnLKDSwySnBLAcDLkcaImwmrU
mwew0_si1991,SFQLAyLHBIFDClwJLMIyLMJwDLAbUJLlMwDUwDCbJLAJLwDbDwEcCLhaB
mwew0_si731,ctyTPrUBsmrlwLkFEDEDLMtMnwBwD
mwew0_sx101,kMkMkwDwLunaIDLKiwBLmwDLkbnLArIsLlMwLABbnDKJKIwDLUNLIaBCaBecLmsJ
mwew0_sx11,vyBcBerLInIcBg
mwew0_sx191,SwLkIaBtFBDybLAywUsKwDUwScDLkJ
mwew0_sx281,AaIywDLMIwKLHBsyLMbnLSwLhyLiLhBaBJNtrearU
mwew0_sx371,IsLDeCwDbLhymwLhnJLMgtrLhwUDwJULCrLzwrwUJ
